iter	RMSE
0	3.350594506
1	3.246680858
2	3.151969244
3	3.074106383
4	3.006365658
5	2.944976957
